Date, Time, Amount, Type, Description
2025-04-15,18:30:37,-48.80,Withdrawal,"AMAZON.COM*AI3W758P3 AMAZON.COM SEATTLE, WA, US"
2025-04-15,15:29:30,-80.96,Withdrawal,"FRYS FOOD 2929 E. OCOT CHANDLER, AZ, US"
2025-04-15,13:05:28,-21.71,Withdrawal,"OPENAI *CHATGPT SUBSCR 548 Market Street PMB 9 SAN FRANCISCO, CA, US"
2025-04-15,13:04:20,-8.00,Withdrawal,"SUPERSTARCARWASH-ELLSW 7252 SOUTH ELLSWORTH RO MESA, AZ, US"
2025-04-15,11:02:41,-3.01,Withdrawal,"MCDONALD'S F32097 2951 E GERMANN RD CHANDLER, AZ, US"
2025-04-15,10:46:45,-43.32,Withdrawal,"1513 HOLIDAY PHOTO 2218 E WILLIAM FIELD RD GILBERT, AZ, US"
2025-04-15,04:50:04,-349.87,Withdrawal,"CITIBANK, N.A. PAYMENT"
2025-04-15,01:52:18,-4.66,Withdrawal,"KONA ICE 5945 Centennial Circle FLORENCE, KY, US"
2025-04-15,01:43:41,-25.89,Withdrawal,"Pilates Place 2450 E GERMANN RD 9 CHANDLER, AZ, US"
2025-04-14,20:48:07,-35.98,Withdrawal,"PAPA MURPHY'S A MESA, AZ, US"
2025-04-14,18:54:34,-81.29,Withdrawal,"COSTCO GAS #064 GILBERT, AZ, US"
2025-04-14,13:12:21,-42.94,Withdrawal,"DAY AUTO 0035880 18705 E BUSINESS PARK D QUEEN CREEK, AZ, US"
2025-04-14,13:05:58,-208.33,Withdrawal,"PROGRESSIVE *INSURANCE 6300 Wilson Mills Rd 800-776-4737, OH, US"
2025-04-14,12:34:00,-7.02,Withdrawal,"DUTCH BROS AZ1401 QUEE 20898 E QUEEN CREEK RD QUEEN CREEK, AZ, US"
2025-04-14,11:13:00,-29.22,Withdrawal,"SQ *HOLIDAY PHOTOS 4 East Stow Road Suite gosq.com, NJ, US"
2025-04-13,18:15:03,-4.59,Withdrawal,"BASHAS' #046 QUEEN CREEK, AZ, US"
2025-04-13,17:54:33,-56.10,Withdrawal,"WM SUPERCENTER #4451 Wal-Mart Super Center QUEEN CREEK, AZ, US"
2025-04-13,16:01:17,-54.92,Withdrawal,"SPEEDWAY 43049 7226 S ELLSWORTH RD MESA, AZ, US"
2025-04-13,12:55:40,-26.80,Withdrawal,"OPENROUTER, INC 169 Madison Avenue #240 NEW YORK, NY, US"
2025-04-13,10:48:57,-16.25,Withdrawal,"HARKINS QUEEN CREEK, L 20481 E RITTENHOUSE RD QUEEN CREEK, AZ, US"
2025-04-13,10:48:56,-4.34,Withdrawal,"MY HOT LUNCHBOX 102 Shannon Oaks Circle CARY, NC, US"
2025-04-13,03:18:10,-32.09,Withdrawal,"OPENROUTER, INC 169 Madison Avenue #240 NEW YORK, NY, US"
2025-04-12,20:50:03,-98.40,Withdrawal,"COSTCO WHSE #16 QUEEN CREEK, AZ, US"
2025-04-12,12:22:33,-3.11,Withdrawal,"Pilates Place 2450 E GERMANN RD 9 CHANDLER, AZ, US"
2025-04-12,11:52:28,-22.18,Withdrawal,"MCDONALD'S F32097 2951 E GERMANN RD CHANDLER, AZ, US"
2025-04-12,11:42:05,-0.97,Withdrawal,"SHELL OIL 12713275001 7215 S ELLSWORTH RD MESA, AZ, US"
2025-04-12,02:16:07,-59.00,Withdrawal,"CLASSPASS* MONTHLY 101 E Front St, Suite 2 MISSOULA, MT, US"
2025-04-11,23:18:26,-437.00,Withdrawal,AMEX EPAYMENT RETRY PYMT
2025-04-11,22:49:40,-46.60,Withdrawal,"TRADER JO TRADER JOES QUEEN CREEK, AZ, US"
2025-04-11,22:36:21,-147.65,Withdrawal,"TARGET T- 21398 S Ells Queen Creek, AZ, US"
2025-04-11,16:17:55,2502.75,Deposit,MG6UNITED TECHNO DIRECT DEP
2025-04-10,22:02:32,-10.00,Withdrawal,Zelle payment from Elizabeth A Callis (Ally Spending Account XXXXXX5022) to HAYLEIGH  SMITH
2025-04-10,13:29:59,-54.57,Withdrawal,"BARROS PIZZA - QUEEN C 20415 E RITTENHOUSE RD QUEEN CREEK, AZ, US"
2025-04-10,12:49:36,-51.72,Withdrawal,"WALMART.COM 8009256278 702 SW 8TH ST BENTONVILLE, AR, US"
2025-04-10,11:14:22,-6.92,Withdrawal,"CIRCLE K # 09550 1650 E Germann Rd GILBERT, AZ, US"
2025-04-09,19:22:35,303.00,Deposit,Zelle payment from Chad Cornwell to Chad E Cornwell (Ally Spending Account XXXXXX5022)
2025-04-09,13:21:16,-20.00,Withdrawal,"CURSOR, AI POWERED IDE 801 West End Avenue NEW YORK, NY, US"
2025-04-09,12:28:05,-1.18,Withdrawal,"WALMART.COM 8009256278 702 SW 8TH ST BENTONVILLE, AR, US"
2025-04-09,10:44:10,-16.28,Withdrawal,"BETTER DAYS BEHAVIORAL 3170 S GILBERT RD STE 1 CHANDLER, AZ, US"
2025-04-09,10:43:39,-3.85,Withdrawal,"CIRCLE K 03377 3010 S  GILBERT RD CHANDLER, AZ, US"
2025-04-08,23:23:24,-5.00,Withdrawal,SUNVALLEYCOMMUNI WEBPAYMENT
2025-04-08,20:28:28,-87.06,Withdrawal,"COSTCO WHSE #16 QUEEN CREEK, AZ, US"
2025-04-08,15:10:23,-4.32,Withdrawal,"COSTCO WHSE #16 QUEEN CREEK, AZ, US"
2025-04-08,15:09:11,-109.96,Withdrawal,"COSTCO WHSE #16 QUEEN CREEK, AZ, US"
2025-04-08,15:05:00,-25.00,Withdrawal,"COSTCO WHSE #16 QUEEN CREEK, AZ, US"
2025-04-08,14:28:28,-37.42,Withdrawal,"AFFIRM   PAY WFKPAQSR SAN FRANCISCO, CA, US"
2025-04-08,12:47:32,-59.77,Withdrawal,"COSTCO GAS #162 QUEEN CREEK, AZ, US"
2025-04-08,12:44:10,100.00,Deposit,Internet transfer from Savings account XXXXXX3244
2025-04-08,12:39:54,340.66,Deposit,Internet transfer from Savings account XXXXXX3562
2025-04-08,10:42:24,-15.77,Withdrawal,"MCDONALD'S F39618 1705 E QUEEN CREEK RD GILBERT, AZ, US"
2025-04-08,03:07:56,-21.69,Withdrawal,"APPLE.COM/BILL ONE APPLE PARK WAY 866-712-7753, CA, US"
2025-04-08,02:00:30,-26.47,Withdrawal,"SHELL OIL 12713275001 7215 S ELLSWORTH RD MESA, AZ, US"
2025-04-08,01:46:23,-3.11,Withdrawal,"Pilates Place 2450 E GERMANN RD 9 CHANDLER, AZ, US"
2025-04-07,23:28:28,-10.00,Withdrawal,VENMO PAYMENT
2025-04-07,13:03:45,-31.00,Withdrawal,"APPLE CASH BALANCE ADD 1 INFINITE LOOP 877-233-8552, CA, US"
2025-04-07,12:43:23,-29.75,Withdrawal,"HARKINS QUEEN CREEK, L 20481 E RITTENHOUSE RD QUEEN CREEK, AZ, US"
2025-04-07,10:42:08,-6.01,Withdrawal,"DUTCH BROS AZ0635 5503 S POWER RD MESA, AZ, US"
2025-04-07,08:25:06,-26.67,Withdrawal,"QT 441 918 E. BASELINE RD. TEMPE, AZ, US"
2025-04-07,07:34:54,-37.28,Withdrawal,"PAPA JOHNS 3327 21803 S ELLSWORTH RD QUEEN CREEK, AZ, US"
2025-04-06,18:29:48,-80.51,Withdrawal,"SPEEDWAY  7226 S ELLSW MESA, AZ, US"
2025-04-06,12:50:54,-10.00,Withdrawal,"SQ *OLMC PARISH 2121 South Rural Road Tempe, AZ, US"
2025-04-06,03:25:06,-10.50,Withdrawal,"SQ *OLMC SCHOOL 2117 S Rural Rd Tempe, AZ, US"
2025-04-06,03:20:44,-21.52,Withdrawal,"OPENROUTER, INC 169 Madison Avenue #240 NEW YORK, NY, US"
2025-04-06,02:37:04,-67.81,Withdrawal,"SQ *REVEL SURF PARK MESA SQUARE PURCHASE MESA, AZ, US"
2025-04-06,01:55:36,-12.05,Withdrawal,"DUTCH BROS AZ1401 QUEE 20898 E QUEEN CREEK RD QUEEN CREEK, AZ, US"
2025-04-06,01:52:17,-13.30,Withdrawal,"SQ *KONA ICE OF TEMPE- 2302 N Arrowhead Dr Chandler, AZ, US"
2025-04-06,00:53:51,-50.00,Withdrawal,Zelle payment from Elizabeth A Callis (Ally Spending Account XXXXXX5022) to ASHLEIGH  DRAPER
2025-04-05,22:28:45,17.00,Deposit,Zelle payment from JESSICA MORALES to Elizabeth A Callis (Ally Spending Account XXXXXX5022)
2025-04-05,12:09:57,500.00,Deposit,Zelle payment from PEGGY CORNWELL to Chad E Cornwell (Ally Spending Account XXXXXX5022)
2025-04-05,11:18:29,-70.00,Withdrawal,"APPLE NAILED IT SPA 5498 SOUTH POWER ROAD GILBERT, AZ, US"
2025-04-05,04:46:03,-0.97,Withdrawal,"SHELL OIL 12713275001 7215 S ELLSWORTH RD MESA, AZ, US"
2025-04-05,04:42:36,-7.09,Withdrawal,"TEMU US 31 ST JAMES AVE BOSTON, MA, US"
2025-04-05,04:42:12,-3.11,Withdrawal,"Pilates Place 2450 E GERMANN RD 9 CHANDLER, AZ, US"
2025-04-05,04:37:41,-6.00,Withdrawal,"SQ *KETTLE HEADS LLC 24355 hwy 65 ne eastbet BETHEL, MN, US"
2025-04-05,23:05:06,-267.25,Withdrawal,"WM SUPERCENTER #3861 Wal-Mart Super Center GILBERT, AZ, US"
2025-04-05,22:58:14,100.00,Deposit,Internet transfer from Savings account XXXXXX3562
2025-04-04,17:04:13,-26.93,Withdrawal,"SUPERSTITION RANCH FAR MESA, AZ, US"
2025-04-04,13:30:37,-17.35,Withdrawal,"SQ *GRANDMAS ICECREAM 1015 N Opal Mesa, AZ, US"
2025-04-04,11:05:48,-34.00,Withdrawal,"SP TULAS 10802 Northwest 76th La MEDLEY, FL, US"
2025-04-04,08:33:09,140.00,Deposit,Zelle payment from JANE BURI to Chad E Cornwell (Ally Spending Account XXXXXX5022)
2025-04-04,02:06:23,-10.87,Withdrawal,"SUPERSTITION FARM 3440 S HAWES RD MESA, AZ, US"
2025-04-03,21:25:34,-35.00,Withdrawal,Zelle payment from Chad E Cornwell (Ally Spending Account XXXXXX5022) to PEGGY  CORNWELL
2025-04-03,15:18:49,100.00,Deposit,Overdraft Transfer from Savings Account XXXXXX5011
2025-04-03,11:36:33,-10.21,Withdrawal,"DUTCH BROS AZ0612 1326 S ALMA SCHOOL RD MESA, AZ, US"
2025-04-03,11:17:03,-9.61,Withdrawal,"MCDONALD'S F2771 2130 W SOUTHERN AVE MESA, AZ, US"
2025-04-02,21:44:08,-28.20,Withdrawal,"SAFEWAY #1819 QUEEN CREEK, AZ, US"
2025-04-02,11:00:04,-11.65,Withdrawal,"MCDONALD'S F32097 2951 E GERMANN RD CHANDLER, AZ, US"
2025-04-01,15:00:14,-84.56,Withdrawal,"COSTCO GAS #162 QUEEN CREEK, AZ, US"
2025-04-01,14:56:35,100.00,Deposit,Overdraft Transfer from Savings Account XXXXXX5011
2025-04-01,12:59:04,-191.32,Withdrawal,"WALMART.COM 8009256278 702 SW 8TH ST BENTONVILLE, AR, US"
2025-03-31,18:41:20,-100.00,Withdrawal,SRP ECHXPWR-S1
2025-03-31,14:55:56,-183.45,Withdrawal,"COSTCO WHSE #16 QUEEN CREEK, AZ, US"
2025-03-31,14:52:04,-24.99,Withdrawal,"COSTCO WHSE #16 QUEEN CREEK, AZ, US"
2025-03-31,13:53:13,-7.15,Withdrawal,"FRYS #656 22265 E QUEE QUEEN CREEK, AZ, US"
2025-03-31,12:47:32,-35.41,Withdrawal,"MCDONALD'S F32321 20735 E MAYA RD QUEEN CREEK, AZ, US"
2025-03-31,12:47:32,-528.01,Withdrawal,"VZWRLSS*APOCC VISW 899 HEATHROW PARK LN 800-922-0204, FL, US"
2025-03-31,12:45:52,-63.10,Withdrawal,"AMAZON.COM*3E74B5EL3 AMAZON.COM SEATTLE, WA, US"
2025-03-31,12:18:44,-40.28,Withdrawal,"AMAZON.COM*IH5NK37K3 AMAZON.COM SEATTLE, WA, US"
2025-03-31,08:56:04,-41.25,Withdrawal,"TST*MOKU HAWAIIAN MESA 4425 S Power Rd A-105 Mesa, AZ, US"
2025-03-31,08:45:06,-16.99,Withdrawal,"FROST GELATO 2150 E WILLMS FLD RD 12 GILBERT, AZ, US"
2025-03-31,07:18:19,-6.00,Withdrawal,"SQ *KETTLE HEADS LLC 4353 East University Dr Mesa, AZ, US"
2025-03-31,03:29:39,-160.00,Withdrawal,VENMO PAYMENT
2025-03-30,15:52:05,-25.19,Withdrawal,"SUPERSTITION RANCH FAR MESA, AZ, US"
2025-03-30,15:13:52,-64.49,Withdrawal,"SPEEDWAY  7226 S ELLSW MESA, AZ, US"
2025-03-30,12:58:55,-141.10,Withdrawal,"RAMSEY* RA* TRIAL OVER 1011 Reams Fleming Blvd FRANKLIN, TN, US"
2025-03-30,10:49:03,-57.04,Withdrawal,"EB *2025 PARKERS PIRAN 535 MISSION STREET, 8TH 8014137200, CA, US"
2025-03-30,10:34:42,-57.43,Withdrawal,"CHICK-FIL-A #01694 4908 SOUTH POWER ROAD HIGLEY, AZ, US"
2025-03-30,10:34:26,-26.27,Withdrawal,"UBER   *EATS 1455 MARKET ST 8005928996, CA, US"
2025-03-30,04:04:53,-22.38,Withdrawal,"SHELL OIL 12634527019 3171 E PECOS RD GILBERT, AZ, US"
2025-03-30,03:43:46,-21.71,Withdrawal,"CLAUDE.AI SUBSCRIPTION 548 Market Street PMB 9 SAN FRANCISCO, CA, US"
2025-03-30,03:23:15,-123.98,Withdrawal,"SPI*DIRECTV STREAM 2260 E IMPERIAL HWY 800-531-5000, CA, US"
2025-03-30,01:58:01,-13.80,Withdrawal,"DUTCH BROS AZ0631 3055 S GILBERT RD CHANDLER, AZ, US"
2025-03-29,22:38:36,-88.40,Withdrawal,Zelle payment from Elizabeth A Callis (Ally Spending Account XXXXXX5022) to ASHLEIGH  DRAPER
2025-03-28,13:23:41,-10.95,Withdrawal,"OPENROUTER, INC 169 Madison Avenue #240 NEW YORK, NY, US"
2025-03-28,13:05:57,-13.00,Withdrawal,"APPLE CASH BALANCE ADD 1 INFINITE LOOP 877-233-8552, CA, US"
2025-03-28,11:14:09,-3.67,Withdrawal,"MCDONALD'S F39726 9225 E CADENCE PKWY MESA, AZ, US"
2025-03-28,11:01:09,-1.50,Withdrawal,"MCDONALD'S F32097 2951 E GERMANN RD CHANDLER, AZ, US"
2025-03-28,10:49:57,-22.94,Withdrawal,"BANNER CLINIC 79791000 21772 S ELLSWORTH LO QUEEN CREEK, AZ, US"
2025-03-28,10:49:22,-44.03,Withdrawal,"TARGET        00023655 21398 S ELLSWORTH QUEEN CREEK, AZ, US"
2025-03-28,10:42:06,-8.17,Withdrawal,"TARGET        00023655 21398 S ELLSWORTH QUEEN CREEK, AZ, US"
2025-03-28,05:49:49,-27.13,Withdrawal,"NETFLIX COM LOS GATOS, CA, US"
2025-03-28,02:01:13,-89.00,Withdrawal,"CLASSPASS* MONTHLY 101 E Front St, Suite 2 MISSOULA, MT, US"
2025-03-28,00:51:03,-37.94,Withdrawal,"UBER   * EATS PENDING UBEREATS.COM SAN FRANCISCO, CA, US"
2025-03-27,20:31:20,-99.26,Withdrawal,"OLD NAVY US 6821 21398 QUEEN CREEK, AZ, US"
2025-03-27,16:13:42,2368.03,Deposit,MG6UNITED TECHNO DIRECT DEP
2025-03-27,12:20:35,-44.00,Withdrawal,"9575 GREAT CLIPS AT QU 21582 S ELLSWORTH LOOP QUEEN CREEK, AZ, US"
2025-03-27,12:17:10,-22.00,Withdrawal,"9575 GREAT CLIPS AT QU 21582 S ELLSWORTH LOOP QUEEN CREEK, AZ, US"
2025-03-27,11:55:51,-7.59,Withdrawal,"HOMEGOODS #0756 21351 S ELLSWORTH LOOP QUEEN CREEK, AZ, US"
2025-03-27,01:44:00,-5.00,Withdrawal,"SQ *STEADFAST COFFEE & 5111 S. Inspirian Parkw Mesa, AZ, US"
2025-03-26,17:33:51,-77.17,Withdrawal,"COSTCO GAS #162 QUEEN CREEK, AZ, US"
2025-03-26,17:16:38,-81.05,Withdrawal,"TARGET T- 21398 S Ells Queen Creek, AZ, US"
2025-03-26,11:01:28,-9.95,Withdrawal,"CIRCLE K 03377 3010 S  GILBERT RD CHANDLER, AZ, US"
2025-03-26,10:37:12,-19.18,Withdrawal,"BETTER DAYS BEHAVIORAL 3170 S GILBERT RD STE 1 CHANDLER, AZ, US"
2025-03-26,01:45:11,-12.00,Withdrawal,Zelle payment from Elizabeth A Callis (Ally Spending Account XXXXXX5022) to ASHLEIGH  DRAPER
2025-03-26,01:45:07,-40.00,Withdrawal,Zelle payment from Elizabeth A Callis (Ally Spending Account XXXXXX5022) to ASHLEIGH  DRAPER
2025-03-25,21:02:59,400.00,Deposit,Internet transfer from Savings account XXXXXX0640
2025-03-25,18:38:08,-8.66,Withdrawal,"GOOGLE *YOUTUBEPREMIUM MOUNTAIN VIEW, CA, US"
2025-03-25,13:20:12,-123.00,Withdrawal,"TOWN OF QUEEN CREEK 22350 S ELLSWORTH RD 4803583000, AZ, US"
2025-03-25,10:57:17,-4.66,Withdrawal,"KONA ICE 5945 Centennial Circle FLORENCE, KY, US"
2025-03-25,04:07:07,-5.00,Withdrawal,SUNVALLEYCOMMUNI WEBPAYMENT
2025-03-25,03:20:14,-29.80,Withdrawal,"TST*SOMEBURROS - QUEEN 20707 E Maya Rd Queen Creek, AZ, US"
2025-03-24,17:54:04,-1.51,Withdrawal,"CIRCLE K 03377 3010 S CHANDLER, AZ, US"
2025-03-24,16:57:16,-20.15,Withdrawal,"CIRCLE K 03383 7260 S GILBERT, AZ, US"
2025-03-24,13:10:05,-187.63,Withdrawal,"WALMART.COM 8009256278 702 SW 8TH ST BENTONVILLE, AR, US"
2025-03-24,12:43:52,-37.99,Withdrawal,"DAVE & BUSTERS #179 PW 21000 S ELLSWORTH LOOP QUEEN CREEK, AZ, US"
2025-03-23,17:57:48,-199.77,Withdrawal,"COSTCO WHSE #16 QUEEN CREEK, AZ, US"
2025-03-23,16:57:10,9.76,Deposit,"AMAZON.COM SEATTLE, WA, US"
2025-03-23,15:31:18,-22.18,Withdrawal,"MCDONALD'S F32321 20735 E MAYA RD queen creek, AZ, US"
2025-03-23,15:19:11,-19.98,Withdrawal,"WM SUPERCENTER #4451 Wal-Mart Super Center QUEEN CREEK, AZ, US"
2025-03-23,15:09:50,431.34,Deposit,Internet transfer from Savings account XXXXXX5011
2025-03-23,10:47:32,-2.78,Withdrawal,"MCDONALD'S F26331 1536 N HIGLEY RD GILBERT, AZ, US"
2025-03-23,10:35:18,-135.00,Withdrawal,"POLISH NAILS 1652 N HIGLEY RD #109 GLIBERT, AZ, US"
2025-03-23,02:02:42,100.00,Deposit,Overdraft Transfer from Savings Account XXXXXX5011
2025-03-22,22:57:53,37.99,Deposit,"AMAZON.COM SEATTLE, WA, US"
2025-03-22,22:55:27,53.96,Deposit,"AMAZON.COM SEATTLE, WA, US"
2025-03-22,22:49:07,12.69,Deposit,"AMAZON.COM SEATTLE, WA, US"
2025-03-22,16:44:50,-73.84,Withdrawal,"AMAZON.COM*J07WB6243 AMAZON.COM SEATTLE, WA, US"
2025-03-22,16:07:30,65.00,Deposit,Zelle payment from ASHLEIGH DRAPER to Elizabeth A Callis (Ally Spending Account XXXXXX5022)
2025-03-22,15:03:56,200.00,Deposit,Internet transfer from Savings account XXXXXX3244
2025-03-22,14:32:54,-70.05,Withdrawal,"SPINATOS PIZZERIA GILB 3150 E RAY RD GILBERT, AZ, US"
2025-03-22,12:09:05,-50.00,Withdrawal,"POLISH NAILS 1652 N HIGLEY RD #109 GLIBERT, AZ, US"
2025-03-22,03:12:30,-10.97,Withdrawal,"SHELL OIL 12713275001 7215 S ELLSWORTH RD MESA, AZ, US"
2025-03-21,19:40:11,100.00,Deposit,Overdraft Transfer from Savings Account XXXXXX5011
2025-03-21,13:29:40,-37.99,Withdrawal,"AMAZON.COM*TB45O1AN3 AMAZON.COM SEATTLE, WA, US"
2025-03-21,11:22:12,-16.28,Withdrawal,"BETTER DAYS BEHAVIORAL 3170 S GILBERT RD STE 1 CHANDLER, AZ, US"
2025-03-21,01:56:05,-6.00,Withdrawal,"SQ *KETTLE HEADS LLC 4700 East Main Street Mesa, AZ, US"
2025-03-20,23:35:48,0.04,Deposit,Interest Paid
2025-03-20,23:34:37,7.00,Deposit,ATM Fee Reimbursement
2025-03-20,22:42:18,-58.48,Withdrawal,"SPEEDWAY  7226 S ELLSW MESA, AZ, US"
2025-03-20,20:32:25,-78.45,Withdrawal,"COSTCO GAS #162 QUEEN CREEK, AZ, US"
2025-03-20,17:24:12,-35.59,Withdrawal,"SUPERSTITION RANCH FAR MESA, AZ, US"
2025-03-20,15:30:02,-39.84,Withdrawal,"MCDONALD'S F27481 4740 E QUEEN CREEK RD GILBERT, AZ, US"
2025-03-20,15:08:47,-25.00,Withdrawal,"CVS/PHARMACY #01719 01719--7587 South Power Queen Creek, AZ, US"
2025-03-20,11:49:18,-24.98,Withdrawal,"PAPA JOHNS 3327 21803 S ELLSWORTH RD QUEEN CREEK, AZ, US"
2025-03-20,03:23:46,-194.33,Withdrawal,"PROGRESSIVE *INSURANCE 6300 Wilson Mills Rd 800-776-4737, OH, US"
2025-03-20,03:16:26,-10.84,Withdrawal,"APPLE.COM/BILL ONE APPLE PARK WAY 866-712-7753, CA, US"
2025-03-20,01:52:21,-5.09,Withdrawal,"QT 474 22185 S ELLSWORTH LOOP QUEEN CREEK, AZ, US"
2025-03-19,13:54:06,-26.00,Withdrawal,Zelle payment from Elizabeth A Callis (Ally Spending Account XXXXXX5022) to ASHLEIGH  DRAPER
2025-03-19,11:05:18,-12.23,Withdrawal,"MCDONALD'S F35558 6324 S HIGHLEY RD GILBERT, AZ, US"
2025-03-18,20:23:56,13.00,Deposit,Zelle payment from ASHLEIGH DRAPER to Elizabeth A Callis (Ally Spending Account XXXXXX5022)
2025-03-18,18:28:25,-26.00,Withdrawal,Zelle payment from Elizabeth A Callis (Ally Spending Account XXXXXX5022) to ASHLEIGH  DRAPER
2025-03-18,12:20:56,-10.00,Withdrawal,"APPLE CASH BALANCE ADD 1 INFINITE LOOP 877-233-8552, CA, US"
2025-03-18,10:34:40,-5.58,Withdrawal,"MCDONALD'S F32097 2951 E GERMANN RD CHANDLER, AZ, US"
2025-03-18,03:25:58,-5.41,Withdrawal,"MICROSOFT*STORE One Microsoft Way REDMOND, WA, US"
2025-03-18,02:26:51,-17.52,Withdrawal,"TST*FRESH MONKEE - MES 4513 S Power Rd Ste C10 Mesa, AZ, US"
2025-03-17,13:17:52,-191.59,Withdrawal,"WALMART.COM 8009256278 702 SW 8TH ST BENTONVILLE, AR, US"
2025-03-17,07:10:34,-21.66,Withdrawal,"PERSPIRE SAUNA STUDIO 4513 South Power Road MESA, AZ, US"
2025-03-17,01:56:41,-13.86,Withdrawal,"DUTCH BROS AZ1401 QUEE 20898 E QUEEN CREEK RD QUEEN CREEK, AZ, US"
2025-03-17,00:17:30,-5.00,Withdrawal,Zelle payment from Elizabeth A Callis (Ally Spending Account XXXXXX5022) to ASHLEIGH  DRAPER
2025-03-16,19:27:00,-206.29,Withdrawal,"COSTCO WHSE #16 QUEEN CREEK, AZ, US"
2025-03-16,18:24:53,9.02,Deposit,Zelle payment from ASHLEIGH DRAPER to Elizabeth A Callis (Ally Spending Account XXXXXX5022)
2025-03-16,11:33:44,-60.00,Withdrawal,"SUN VALLEY COMMUNITY C 456 E RAY RD 4806328920, AZ, US"
2025-03-16,03:59:19,0.23,Deposit,"GOOGLE *GOOGLE ONE MOUNTAIN VIEW, CA, US"
2025-03-16,01:10:07,-24.84,Withdrawal,"AMAZON.COM*JC0D15XE3 AMAZON.COM SEATTLE, WA, US"
2025-03-16,01:09:39,-10.84,Withdrawal,"AMAZON.COM*G201I1CT3 AMAZON.COM SEATTLE, WA, US"
2025-03-16,01:09:33,-41.24,Withdrawal,"AMAZON.COM*9M9UV2YG3 AMAZON.COM SEATTLE, WA, US"
2025-03-15,17:56:40,-31.98,Withdrawal,"SUPERSTITION RANCH FAR MESA, AZ, US"
2025-03-15,16:07:57,-1.08,Withdrawal,"CIRCLE K 05307 3589 E GILBERT, AZ, US"
2025-03-15,15:51:25,-58.62,Withdrawal,"AMAZON.COM*3L9940ES3 AMAZON.COM SEATTLE, WA, US"
2025-03-15,15:40:48,-40.27,Withdrawal,"COBBLESTONE AUT GILBERT, AZ, US"
2025-03-15,13:12:10,-21.71,Withdrawal,"OPENAI *CHATGPT SUBSCR 548 Market Street PMB 9 SAN FRANCISCO, CA, US"
2025-03-15,13:04:35,-11.67,Withdrawal,"MCDONALD'S F36098 146 W BASELINE ROAD MESA, AZ, US"
2025-03-15,13:00:30,-25.05,Withdrawal,"LOS FAVORITOS 904 North McQueen Road GILBERT, AZ, US"
2025-03-15,12:25:49,-34.44,Withdrawal,"ALDI 79153 20229 ELLSWORTH RD QUEEN CREEK, AZ, US"
2025-03-15,10:49:31,-23.41,Withdrawal,"UBER   *EATS 1455 MARKET ST 8005928996, CA, US"
2025-03-14,17:53:17,-100.00,Withdrawal,SRP ECHXPWR-S2
2025-03-14,01:57:41,-32.26,Withdrawal,"JACK IN THE BOX 1574 21292 E Ocotillo Rd QUEEN CREEK, AZ, US"
2025-03-13,23:18:24,-437.00,Withdrawal,AMEX EPAYMENT RETRY PYMT
2025-03-13,16:34:00,-180.74,Withdrawal,"COSTCO WHSE #16 QUEEN CREEK, AZ, US"
2025-03-13,16:33:10,-23.23,Withdrawal,"COSTCO WHSE #16 QUEEN CREEK, AZ, US"
2025-03-13,16:25:54,-24.99,Withdrawal,"COSTCO WHSE #16 QUEEN CREEK, AZ, US"
2025-03-13,15:52:32,-91.55,Withdrawal,"COSTCO GAS #162 QUEEN CREEK, AZ, US"
2025-03-13,12:34:53,-25.11,Withdrawal,"SPEEDWAY  7226 S ELLSW MESA, AZ, US"
2025-03-13,05:05:55,2368.03,Deposit,MG6UNITED TECHNO DIRECT DEP
2025-03-13,02:19:12,-30.42,Withdrawal,"THE HOME DEPOT #8582 2530 E GERMAN RD CHANDLER, AZ, US"
2025-03-13,02:15:42,-21.72,Withdrawal,"QT 1433 INSIDE 5215 S ELLSWORTH RD MESA, AZ, US"
2025-03-13,01:38:01,-22.78,Withdrawal,"AMAZON.COM*XZ4BE24O3 AMAZON.COM SEATTLE, WA, US"
2025-03-13,00:39:01,-11.17,Withdrawal,"WALGREENS 21212 E OCOT QUEEN CREEK, AZ, US"
2025-03-13,00:38:17,100.00,Deposit,Overdraft Transfer from Savings Account XXXXXX5011
2025-03-13,00:38:17,-60.79,Withdrawal,"TARGET T- 21398 S Ells Queen Creek, AZ, US"
2025-03-12,11:30:00,-25.38,Withdrawal,"BETTER DAYS BEHAVIORAL 3170 S GILBERT RD STE 1 CHANDLER, AZ, US"
2025-03-12,03:51:38,-59.00,Withdrawal,"CLASSPASS* MONTHLY 101 E Front St, Suite 2 MISSOULA, MT, US"
2025-03-12,02:05:18,-7.44,Withdrawal,"STARBUCKS STORE 19282 2882 South San Tan Vill GILBERT, AZ, US"
2025-03-11,13:32:03,-40.52,Withdrawal,"WALMART.COM 8009256278 702 SW 8TH ST BENTONVILLE, AR, US"
2025-03-11,13:07:41,-11.62,Withdrawal,"WALMART.COM 702 SW 8TH STREET MS100 WALMART.COM, AR, US"
2025-03-11,10:56:06,22.73,Deposit,"WAL-MART #5186 2501 S MARKET ST GILBERT, AZ, US"
2025-03-11,05:55:01,-5.00,Withdrawal,SUNVALLEYCOMMUNI WEBPAYMENT
2025-03-10,19:00:05,-144.06,Withdrawal,"WAL-MART #5186 2501 S MARKET ST GILBERT, AZ, US"
2025-03-10,13:09:12,-41.49,Withdrawal,"MCDONALD'S F33395 5255 S. POWER RD MESA, AZ, US"
2025-03-10,12:56:03,-3.66,Withdrawal,"SHELL OIL 12634521012 2367 S VAL VISTA DR GILBERT, AZ, US"
2025-03-10,12:42:43,-13.86,Withdrawal,"DUTCH BROS AZ1401 QUEE 20898 E QUEEN CREEK RD QUEEN CREEK, AZ, US"
2025-03-10,12:40:52,-30.04,Withdrawal,"GOODWILL # 182 5263 S POWER RD MESA, AZ, US"
2025-03-10,12:33:44,-72.00,Withdrawal,"SHADY OAKS 3, LLC 139 E Williams Field Rd GILBERT, AZ, US"
2025-03-10,08:47:32,-5.18,Withdrawal,"SQ *FOOD 4 YOUR SKIN L 182 Rainbow Dr Livingston, TX, US"
2025-03-10,08:41:06,-6.00,Withdrawal,"SQ *KETTLE HEADS LLC 4700 East Main Street Mesa, AZ, US"
2025-03-10,08:40:14,-20.00,Withdrawal,"CURSOR, AI POWERED IDE 801 West End Avenue NEW YORK, NY, US"
2025-03-10,07:39:53,-17.77,Withdrawal,"FLOWER CHILD 7131 W RAY ROAD CHANDLER, AZ, US"
2025-03-09,20:59:41,-63.50,Withdrawal,"Empire ATM 4602 2367 S VAL VISTA DR GILBERT, AZ, US"
2025-03-09,20:40:54,351.00,Deposit,Zelle payment from Chad Cornwell to Chad E Cornwell (Ally Spending Account XXXXXX5022)
2025-03-09,17:05:14,-57.48,Withdrawal,"SPEEDWAY 43049 7226 S ELLSWORTH RD MESA, AZ, US"
2025-03-09,15:47:54,-65.75,Withdrawal,"SUPERSTITION RANCH FAR MESA, AZ, US"
2025-03-09,13:37:26,-21.66,Withdrawal,"SQ *UBREAKIFIX BY ASUR 8950 East Germann Road Mesa, AZ, US"
2025-03-09,11:43:18,-21.00,Withdrawal,"CHICK-FIL-A #01738 905 N DOBSON RD MESA, AZ, US"
2025-03-09,03:26:14,-10.95,Withdrawal,"OPENROUTER, INC 169 Madison Avenue #240 NEW YORK, NY, US"
2025-03-09,01:42:24,300.00,Deposit,Internet transfer from Savings account XXXXXX3539
2025-03-08,21:30:21,-46.00,Withdrawal,Zelle payment from Elizabeth A Callis (Ally Spending Account XXXXXX5022) to SHANYN  SMITH
2025-03-08,19:17:59,-20.61,Withdrawal,"AMAZON.COM*B21344KZ3 AMAZON.COM SEATTLE, WA, US"
2025-03-08,19:11:37,-82.67,Withdrawal,"AMAZON.COM*2R4PQ3ML3 AMAZON.COM SEATTLE, WA, US"
2025-03-08,16:20:26,-10.95,Withdrawal,"OPENROUTER, INC 169 Madison Avenue#2404 NEW YORK, NY, US"
2025-03-07,20:45:15,-7.59,Withdrawal,"COSTCO WHSE #16 QUEEN CREEK, AZ, US"
2025-03-07,20:34:34,-21.60,Withdrawal,"COSTCO WHSE #16 QUEEN CREEK, AZ, US"
2025-03-07,20:33:56,-120.76,Withdrawal,"COSTCO WHSE #16 QUEEN CREEK, AZ, US"
2025-03-07,02:16:04,-9.49,Withdrawal,"QT 431 1861 S. MESA DR. MESA, AZ, US"
2025-03-06,15:38:35,-85.00,Withdrawal,"AFFIRM   PAY AFTWRO35 SAN FRANCISCO, CA, US"
2025-03-06,15:17:17,400.00,Deposit,Zelle payment from PEGGY CORNWELL to Chad E Cornwell (Ally Spending Account XXXXXX5022)
2025-03-06,11:40:34,-49.00,Withdrawal,"VISIONWORKS 80547 21227 S ELLSWORTH LOOP QUEEN CREEK, AZ, US"
2025-03-06,11:19:31,-2.79,Withdrawal,"MCDONALD'S F35558 6324 S HIGHLEY RD GILBERT, AZ, US"
2025-03-06,01:59:31,-6.49,Withdrawal,"QT 474 22185 S ELLSWORTH LOOP QUEEN CREEK, AZ, US"
2025-03-05,20:08:54,100.00,Deposit,Overdraft Transfer from Savings Account XXXXXX5011
2025-03-05,20:08:54,-45.50,Withdrawal,"WAL-MART #4451 21055 E RITTENHOUSE RD QUEEN CREEK, AZ, US"
2025-03-05,19:40:43,-10.00,Withdrawal,Zelle payment from Elizabeth A Callis (Ally Spending Account XXXXXX5022) to ASHLEIGH  DRAPER
2025-03-05,14:13:39,-20.59,Withdrawal,"HAPPY BEAUTY CO 10834 21227 S ELLSWORTH LOOP QUEEN CREEK, AZ, US"
2025-03-05,13:49:19,100.00,Deposit,Overdraft Transfer from Savings Account XXXXXX5011
2025-03-05,12:51:18,-100.19,Withdrawal,"WALMART.COM 702 SW 8TH STREET MS100 WALMART.COM, AR, US"
2025-03-05,11:33:33,-75.12,Withdrawal,"COSTCO GAS #048 GILBERT, AZ, US"
2025-03-04,14:49:56,-8.12,Withdrawal,"ALDI 79153 20229 ELLSWORTH RD QUEEN CREEK, AZ, US"
2025-03-04,14:27:28,-5.59,Withdrawal,"MCDONALD'S F27481 4740 E QUEEN CREEK RD GILBERT, AZ, US"
2025-03-04,14:09:25,-30.37,Withdrawal,"MCDONALD'S F32321 20735 E MAYA RD queen creek, AZ, US"
2025-03-04,13:07:06,-7.85,Withdrawal,"MCDONALD'S F27481 4740 E QUEEN CREEK RD GILBERT, AZ, US"
2025-03-04,12:50:55,-20.75,Withdrawal,"COSTCO GAS #162 QUEEN CREEK, AZ, US"
2025-03-04,12:49:49,100.00,Deposit,Overdraft Transfer from Savings Account XXXXXX5011
2025-03-04,01:20:04,100.00,Deposit,Overdraft Transfer from Savings Account XXXXXX5011
2025-03-03,23:31:21,100.00,Deposit,Overdraft Transfer from Savings Account XXXXXX5011
2025-03-03,23:31:21,-50.00,Withdrawal,SRP ECHXPWR-S1
2025-03-03,13:41:43,-16.35,Withdrawal,"DUTCH BROS AZ1401 QUEE 20898 E QUEEN CREEK RD QUEEN CREEK, AZ, US"
2025-03-03,13:26:35,-2.70,Withdrawal,"COSTCO WHSE #16 QUEEN CREEK, AZ, US"
2025-03-03,13:25:32,100.00,Deposit,Overdraft Transfer from Savings Account XXXXXX5011
2025-03-03,13:25:32,-93.73,Withdrawal,"COSTCO WHSE #16 QUEEN CREEK, AZ, US"
2025-03-03,08:33:01,-131.89,Withdrawal,"NikePOS_US 4976 Premium Outlets Wa Chandler, AZ, US"
2025-03-02,17:45:01,100.00,Deposit,Overdraft Transfer from Savings Account XXXXXX5011
2025-03-02,17:45:01,-53.96,Withdrawal,"AMAZON.COM*RL3GL56R3 AMAZON.COM SEATTLE, WA, US"
2025-03-02,16:19:20,-123.98,Withdrawal,"SPI*DIRECTV STREAM 2260 E IMPERIAL HWY 800-531-5000, CA, US"
2025-03-02,16:12:17,-34.74,Withdrawal,"AMAZON.COM*6R56B2WU3 AMAZON.COM SEATTLE, WA, US"
2025-03-02,15:41:11,-37.22,Withdrawal,"MCDONALD'S F32753 6990 W SUNDUST RD CHANDLER, AZ, US"
2025-03-02,15:33:23,-444.41,Withdrawal,"VZWRLSS*APOCC VISW 899 HEATHROW PARK LN 800-922-0204, FL, US"
2025-03-02,15:24:13,100.00,Deposit,Overdraft Transfer from Savings Account XXXXXX5011
2025-03-02,12:23:42,-100.00,Withdrawal,"SP SALTANDLIGHTTATTO 1989 W. Elliot Road CHANDLER, AZ, US"
2025-03-02,12:20:38,-30.00,Withdrawal,"SP SALTANDLIGHTTATTO 1989 W. Elliot Road CHANDLER, AZ, US"
2025-03-02,12:17:56,-4.34,Withdrawal,"MY HOT LUNCHBOX 102 Shannon Oaks Circle CARY, NC, US"
2025-03-02,11:51:54,-43.61,Withdrawal,"PAPA JOHNS 3327 21803 S ELLSWORTH RD QUEEN CREEK, AZ, US"
2025-03-02,09:19:23,40.00,Deposit,Zelle payment from JANE BURI to Chad E Cornwell (Ally Spending Account XXXXXX5022)
2025-03-01,16:11:28,-64.96,Withdrawal,"SPEEDWAY 43049 7226 S ELLSWORTH RD MESA, AZ, US"
2025-03-01,13:13:40,-14.92,Withdrawal,"MCDONALD'S F33395 5255 S. POWER RD MESA, AZ, US"
2025-03-01,13:06:11,-36.95,Withdrawal,"NikePOS_US 4976 Premium Outlets Wa Chandler, AZ, US"
2025-03-01,02:02:59,-7.02,Withdrawal,"DUTCH BROS AZ1401 QUEE 20898 E QUEEN CREEK RD QUEEN CREEK, AZ, US"
2025-02-28,21:07:20,-67.75,Withdrawal,"TORRID #5364 CHANDLER, AZ, US"
2025-02-28,14:09:27,-21.71,Withdrawal,"CLAUDE.AI SUBSCRIPTION P.O. Box 104477 PASADENA, CA, US"
2025-02-28,13:53:49,-15.16,Withdrawal,"GAMESTOP #5222 4980 S POWER RD STE 101 MESA, AZ, US"
2025-02-28,13:29:19,-19.16,Withdrawal,"TARGET T- 5110 S Power Mesa, AZ, US"
2025-02-28,12:28:34,-8.00,Withdrawal,"SUPERSTARCARWASH-ELLSW 7252 SOUTH ELLSWORTH RO MESA, AZ, US"
2025-02-28,03:44:51,-27.13,Withdrawal,"NETFLIX COM LOS GATOS, CA, US"
2025-02-28,03:28:33,-193.13,Withdrawal,"WALMART.COM 8009256278 702 SW 8TH ST BENTONVILLE, AR, US"
2025-02-28,03:03:44,-25.69,Withdrawal,"QT 474 22185 S ELLSWORTH LOOP QUEEN CREEK, AZ, US"
2025-02-28,02:22:30,-89.00,Withdrawal,"CLASSPASS* MONTHLY 101 E Front St,  Suite MISSOULA, MT, US"
2025-02-27,12:47:04,-47.76,Withdrawal,"AMAZON.COM*1O8P910X3 AMAZON.COM SEATTLE, WA, US"
2025-02-26,20:30:18,-98.06,Withdrawal,"COSTCO GAS #162 QUEEN CREEK, AZ, US"
2025-02-26,20:04:50,-10.80,Withdrawal,"COSTCO WHSE #16 QUEEN CREEK, AZ, US"
2025-02-26,20:03:25,-363.63,Withdrawal,"COSTCO WHSE #16 QUEEN CREEK, AZ, US"
2025-02-26,19:59:27,-19.77,Withdrawal,"CVS/PHARMACY #01720 01720--21200 East Ocoti Queen Creek, AZ, US"
2025-02-26,19:01:35,-400.00,Withdrawal,Zelle payment from Chad E Cornwell (Ally Spending Account XXXXXX5022) to MATT DIAMOND  .
2025-02-26,16:58:12,-10.00,Withdrawal,Zelle payment from Elizabeth A Callis (Ally Spending Account XXXXXX5022) to HAYLEIGH  SMITH
2025-02-26,16:26:15,2368.04,Deposit,MG6UNITED TECHNO DIRECT DEP
2025-02-26,10:21:27,-7.68,Withdrawal,"SPEEDWAY 43049 7226 S ELLSWORTH RD MESA, AZ, US"
2025-02-25,18:38:04,-8.66,Withdrawal,"GOOGLE *YOUTUBEPREMIUM MOUNTAIN VIEW, CA, US"
2025-02-25,16:46:46,-15.42,Withdrawal,"COSTCO WHSE #16 QUEEN CREEK, AZ, US"
2025-02-25,16:04:11,-35.28,Withdrawal,"TARGET T- 5110 S Power Mesa, AZ, US"
2025-02-25,04:18:28,-5.00,Withdrawal,SUNVALLEYCOMMUNI WEBPAYMENT
2025-02-24,23:11:43,77.60,Deposit,eCheck Deposit
2025-02-24,16:10:46,-10.90,Withdrawal,"TARGET T- 5110 S Power Mesa, AZ, US"
2025-02-24,10:24:28,-12.18,Withdrawal,"SPEEDWAY 43049 7226 S ELLSWORTH RD MESA, AZ, US"
2025-02-24,08:37:34,-25.26,Withdrawal,"TST* O.H.S.O. - GILBER 335 N GILBERT RD GILBERT, AZ, US"
2025-02-24,08:33:42,-66.71,Withdrawal,"TST* O.H.S.O. - GILBER 335 N GILBERT RD GILBERT, AZ, US"
2025-02-24,08:28:41,-8.84,Withdrawal,"TST* O.H.S.O. - GILBER 335 N GILBERT RD GILBERT, AZ, US"
2025-02-24,08:22:48,-25.26,Withdrawal,"TST* O.H.S.O. - GILBER 335 N GILBERT RD GILBERT, AZ, US"
2025-02-24,01:54:28,-10.35,Withdrawal,"Pilates Place 2450 E GERMANN RD 9 CHANDLER, AZ, US"
2025-02-24,00:54:26,-42.00,Withdrawal,Zelle payment from Elizabeth A Callis (Ally Spending Account XXXXXX5022) to ASHLEIGH  DRAPER
2025-02-23,16:04:47,-115.06,Withdrawal,"PECAN LAKE ENTERTAINME QUEEN CREEK, AZ, US"
2025-02-23,15:28:56,-53.50,Withdrawal,"EFT 18423 East San Tan Boul Queen Creek, AZ, US"
2025-02-23,11:29:44,-4.20,Withdrawal,"MCDONALD'S F32321 20735 E MAYA RD QUEEN CREEK, AZ, US"
2025-02-22,22:03:00,184.52,Deposit,"AMAZON.COM SEATTLE, WA, US"
2025-02-22,21:24:44,70.00,Deposit,Zelle payment from ASHLEIGH DRAPER to Elizabeth A Callis (Ally Spending Account XXXXXX5022)
2025-02-22,18:26:03,-3.25,Withdrawal,"ETSY, INC. WWW.ETSY.COM/ BROOKLYN, NY, US"
2025-02-22,13:34:42,100.00,Deposit,Zelle payment from JANE BURI to Chad E Cornwell (Ally Spending Account XXXXXX5022)
2025-02-22,13:13:19,-83.47,Withdrawal,"OLD NAVY US 6821 21398 QUEEN CREEK, AZ, US"
2025-02-22,12:27:32,-23.88,Withdrawal,"TARGET T- 21398 S Ells Queen Creek, AZ, US"
2025-02-21,20:07:36,-205.99,Withdrawal,"SQ *GEARHEAD SQUARE PURCHASE GILBERT, AZ, US"
2025-02-21,18:09:15,16.59,Deposit,"AMAZON.COM SEATTLE, WA, US"
2025-02-21,17:53:36,-50.00,Withdrawal,SRP ECHXPWR-S1
2025-02-21,17:42:08,7.59,Deposit,"AMAZON.COM SEATTLE, WA, US"
2025-02-21,17:26:03,-158.89,Withdrawal,"SQ *PUZZLING ESCAPE SQUAREUP.COM MESA, AZ, US"
2025-02-21,14:25:34,20.00,Deposit,Internet transfer from Savings account XXXXXX5011
2025-02-21,14:25:25,352.00,Deposit,Zelle payment from Chad Cornwell to Chad E Cornwell (Ally Spending Account XXXXXX5022)
2025-02-21,14:25:06,100.00,Deposit,Internet transfer from Savings account XXXXXX3244
2025-02-21,12:37:24,-20.00,Withdrawal,"VISIONWORKS 80547 21227 S ELLSWORTH LOOP QUEEN CREEK, AZ, US"
2025-02-20,23:35:22,0.06,Deposit,Interest Paid
2025-02-20,23:34:32,3.25,Deposit,ATM Fee Reimbursement
2025-02-20,14:02:38,100.00,Deposit,Overdraft Transfer from Savings Account XXXXXX5011
2025-02-20,14:02:38,-76.38,Withdrawal,"WAL WAL-MART #3360 000539 2750 E GERMANN ROAD CHANDLER, AZ, US"
2025-02-20,13:56:00,-26.93,Withdrawal,"WM SUPERCENTER #3360 Wal-Mart Super Center CHANDLER, AZ, US"
2025-02-20,13:40:21,-99.50,Withdrawal,"COSTCO GAS #162 QUEEN CREEK, AZ, US"
2025-02-20,13:32:57,-20.06,Withdrawal,"DOLLARTRE 2670 E GERMA CHANDLER, AZ, US"
2025-02-20,13:25:02,-5.64,Withdrawal,"CVS/PHARM 01720--21200 Queen Creek, AZ, US"
2025-02-20,13:15:00,-10.00,Withdrawal,Zelle payment from Elizabeth A Callis (Ally Spending Account XXXXXX5022) to ASHLEIGH  DRAPER
2025-02-20,12:18:06,-33.67,Withdrawal,"FILIBERTOS MEXICAN FOO 21805 SOUTH ELLSWORTH R QUEEN CREEK, AZ, US"
2025-02-20,03:16:06,-10.84,Withdrawal,"APPLE.COM/BILL ONE APPLE PARK WAY 866-712-7753, CA, US"
2025-02-19,19:57:08,-20.78,Withdrawal,"MCDONALD'S F32321 20735 E MAYA RD queen creek, AZ, US"
2025-02-19,19:43:54,-24.99,Withdrawal,"COSTCO WHSE #16 QUEEN CREEK, AZ, US"
2025-02-19,19:30:49,-300.00,Withdrawal,"SQ *HAIR BY JAZZYB LLC AT SQUARE PURCHASE MESA, AZ, US"
2025-02-19,16:49:08,-5.46,Withdrawal,"CIRCLE K 03383 7260 S GILBERT, AZ, US"
2025-02-19,03:40:27,-10.00,Withdrawal,"LIBERTY KIDS GATEWAY 8048 East Germann Road MESA, AZ, US"
2025-02-19,01:47:50,-4.66,Withdrawal,"KONA ICE 5945 Centennial Circle FLORENCE, KY, US"
2025-02-18,19:42:35,-3.24,Withdrawal,"GOOGLE *GOOGLE ONE MOUNTAIN VIEW, CA, US"
2025-02-18,12:48:18,-142.02,Withdrawal,"WALMART.COM 702 SW 8TH STREET MS100 WALMART.COM, AR, US"
2025-02-18,12:08:02,-4.50,Withdrawal,"PP*CANYON STATE ACADE 20275 E RITTENHOUSE RD QUEEN CREEK, AZ, US"
2025-02-18,10:42:23,-110.33,Withdrawal,"SUGAR NAILS SPA 21582 SOUTH ELLSWORTH L QUEEN CREEK, AZ, US"
2025-02-17,02:32:48,-16.59,Withdrawal,"AMAZON.COM*X54UH9613 AMAZON.COM SEATTLE, WA, US"
2025-02-16,18:27:00,-12.96,Withdrawal,"COSTCO WHSE #16 QUEEN CREEK, AZ, US"
2025-02-16,18:25:31,-194.56,Withdrawal,"COSTCO WHSE #16 QUEEN CREEK, AZ, US"
2025-02-16,17:35:02,-59.27,Withdrawal,"SPEEDWAY  7226 S ELLSW MESA, AZ, US"
2025-02-16,15:14:39,-55.41,Withdrawal,"128 TORCHYS QUEEN CREE 21386 S Ellsworth Loop QUEEN CREEK, AZ, US"
2025-02-16,11:57:32,-146.97,Withdrawal,"GLOSS* AZ BODY BAR 727 West Ray Road GILBERT, AZ, US"
2025-02-16,00:55:45,-65.00,Withdrawal,Zelle payment from Elizabeth A Callis (Ally Spending Account XXXXXX5022) to SHANYN  SMITH
2025-02-15,17:43:05,-56.79,Withdrawal,"COSTCO WHSE #16 QUEEN CREEK, AZ, US"
2025-02-15,16:44:16,-20.24,Withdrawal,"HANDELS HOMEMADE QUEEN 21182 S ELLSWORTH LOO10 QUEEN CREEK, AZ, US"
2025-02-15,16:43:55,-21.71,Withdrawal,"OPENAI *CHATGPT SUBSCR 548 Market StreetPMB 97 SAN FRANCISCO, CA, US"
2025-02-15,16:11:26,-60.25,Withdrawal,"TARGET        00023655 21398 S ELLSWORTH QUEEN CREEK, AZ, US"
2025-02-15,16:06:05,-171.67,Withdrawal,"Southwest Gas 8360 S DURANGO DR 702-8767001, NV, US"
2025-02-15,13:25:25,-19.63,Withdrawal,"3856 EL POLLO LOCO 4728 E Ray Rd PHOENIX, AZ, US"
2025-02-15,13:15:45,-225.42,Withdrawal,"AMAZON.COM*172NX4DW3 AMAZON.COM SEATTLE, WA, US"
2025-02-14,06:21:22,-20.00,Withdrawal,VENMO PAYMENT
2025-02-14,01:15:10,-69.90,Withdrawal,"UBER   *EATS HELP.UBER.CO UBEREATS.COM SAN FRANCISCO, CA, US"
2025-02-13,16:29:02,-3.05,Withdrawal,"SHELL SERVICE S GILBERT, AZ, US"
2025-02-13,14:33:49,-163.39,Withdrawal,"TARGET T- 4734 E Ray R Phoenix, AZ, US"
2025-02-13,13:18:54,-84.13,Withdrawal,"COSTCO GAS #043 TEMPE, AZ, US"
2025-02-13,13:06:38,-27.13,Withdrawal,"CHEVRON 0210716 5965 E. BROWN RD. MESA, AZ, US"
2025-02-13,12:57:36,-46.00,Withdrawal,"FIREHOUSE SUBS 662 QSR 20851 E RITTENHOUSE RD QUEEN CREEK, AZ, US"
2025-02-13,02:24:56,-29.57,Withdrawal,"TST*SAGE & BARREL 7215 S Power Rd Suite 1 Queen Creek, AZ, US"
2025-02-13,00:27:30,-89.90,Withdrawal,"AFFIRM   PAY EJ35FA57 SAN FRANCISCO, CA, US"
2025-02-12,20:34:32,-20.78,Withdrawal,"MCDONALD'S F32321 20735 E MAYA RD queen creek, AZ, US"
2025-02-12,20:07:02,-77.91,Withdrawal,"WAL WAL-MART SUPER 000330 4451 WAL-SAMS QUEEN CREEK, AZ, US"
2025-02-12,17:41:24,-15.00,Withdrawal,Zelle payment from Elizabeth A Callis (Ally Spending Account XXXXXX5022) to HAYLEIGH  SMITH
2025-02-12,16:24:36,2368.04,Deposit,MG6UNITED TECHNO DIRECT DEP
2025-02-12,03:37:24,-59.00,Withdrawal,"CLASSPASS* MONTHLY 101 E Front St,  Suite MISSOULA, MT, US"
2025-02-11,22:57:19,-19.91,Withdrawal,"SPEEDWAY 43049 7226 S ELLSWORTH RD MESA, AZ, US"
2025-02-11,19:45:37,351.00,Deposit,Zelle payment from Chad Cornwell to Chad E Cornwell (Ally Spending Account XXXXXX5022)
2025-02-11,13:38:49,-8.23,Withdrawal,"WM SUPERCENTER #3360 Wal-Mart Super Center CHANDLER, AZ, US"
2025-02-11,12:23:01,-42.90,Withdrawal,"WALMART.COM 8009256278 702 SW 8TH ST BENTONVILLE, AR, US"
2025-02-11,10:40:55,-20.05,Withdrawal,"CVS/PHARM 01719--7587 Queen Creek, AZ, US"
2025-02-11,05:33:55,-5.00,Withdrawal,SUNVALLEYCOMMUNI WEBPAYMENT
2025-02-10,23:23:40,-450.00,Withdrawal,Liberty Kids 4804614401~ Future Amount: 450 ~ Tran: ACHDW
2025-02-10,12:43:38,300.00,Deposit,FID BKG SVC LLC MONEYLINE
2025-02-10,12:23:18,-6.43,Withdrawal,"SHELL OIL 12713275001 7215 S ELLSWORTH RD MESA, AZ, US"
2025-02-10,08:31:15,-28.70,Withdrawal,"POPEYES 12261 / 612 20623 E OCOTILLO RD QUEEN CREEK, AZ, US"
2025-02-10,04:13:47,-5.00,Withdrawal,VENMO PAYMENT
2025-02-10,01:49:47,-33.36,Withdrawal,"PY *BLACK ROCK COFFEE 20774 E WALNUT RD STE 1 QUEEN CREEK, AZ, US"
2025-02-09,16:24:44,-20.76,Withdrawal,"COSTCO WHSE #16 QUEEN CREEK, AZ, US"
2025-02-09,12:33:19,-19.05,Withdrawal,"CIRCLE K 08593 21895 S ELLSWORTH RD QUEEN CREEK, AZ, US"
2025-02-09,02:12:26,-45.59,Withdrawal,"TST*SOMEBURROS - QUEEN 20707 E Maya Rd 480-776-8226, AZ, US"
2025-02-08,04:46:02,-0.50,Withdrawal,"Nintendo COPPA 4600 150th Ave NE 8002553700, WA, US"
2025-02-08,04:45:18,-216.39,Withdrawal,"WALMART.COM 702 SW 8TH STREET MS100 WALMART.COM, AR, US"
2025-02-08,04:43:47,-21.00,Withdrawal,"SQ *KUCH S MUNCHIE BOX 7218 East Posada Avenue Mesa, AZ, US"
2025-02-08,22:54:04,-32.17,Withdrawal,"COSTCO GAS #162 QUEEN CREEK, AZ, US"
2025-02-08,22:52:08,-63.57,Withdrawal,"TARGET T- 21398 S Ells Queen Creek, AZ, US"
2025-02-07,14:44:48,-23.20,Withdrawal,"MCDONALD'S F32321 20735 E MAYA RD queen creek, AZ, US"
2025-02-07,13:03:53,-1.07,Withdrawal,"Audible*Z70NV6UZ0 1 WASHINGTON PARK 16TH Amzn.com/bill, NJ, US"
2025-02-07,03:31:00,-437.00,Withdrawal,AMEX EPAYMENT ACH PMT
2025-02-07,03:00:23,32.55,Deposit,"AMAZON.COM SEATTLE, WA, US"
2025-02-07,01:05:53,-100.00,Withdrawal,SRP RETRY PYMT~ Future Amount: 100 ~ Tran: ACHDW
2025-02-06,16:31:56,500.00,Deposit,Zelle payment from PEGGY CORNWELL to Chad E Cornwell (Ally Spending Account XXXXXX5022)
2025-02-06,12:48:25,550.00,Deposit,FID BKG SVC LLC MONEYLINE
2025-02-06,12:29:33,-8.68,Withdrawal,"CIRCLE K 08593 21895 S ELLSWORTH RD QUEEN CREEK, AZ, US"
2025-02-06,07:01:19,-44.07,Withdrawal,"AFFIRM   PAY UXCR5RNF SAN FRANCISCO, CA, US"
2025-02-06,01:29:07,-8.49,Withdrawal,"SHELL SERVICE S SAN TAN VALLE, AZ, US"
2025-02-05,20:38:55,-56.37,Withdrawal,"WAL-MART #4451 21055 E RITTENHOUSE RD QUEEN CREEK, AZ, US"
2025-02-05,19:35:56,100.00,Deposit,Internet transfer from Savings account XXXXXX3244
2025-02-05,12:43:47,-19.34,Withdrawal,"MCDONALD'S F40905 22315 EAST QUEEN CREEK QUEEN CREEK, AZ, US"
2025-02-04,07:58:50,37.98,Deposit,"AMAZON.COM SEATTLE, WA, US"
2025-02-04,01:54:37,-64.12,Withdrawal,"FRYS #5002 5305 W BUCKEYE RD STE B PHOENIX, AZ, US"
2025-02-03,16:22:25,32.55,Deposit,"AMAZON.COM SEATTLE, WA, US"
2025-02-03,08:26:59,-37.00,Withdrawal,"AZ GAME & FISH DEPT 5000 W CAREFREE HWY PHOENIX, AZ, US"
2025-02-03,07:39:17,-47.22,Withdrawal,"TST*SOMEBURROS - QUEEN 20707 E Maya Rd 480-776-8226, AZ, US"
2025-02-03,07:06:27,-20.43,Withdrawal,"PAPA JOHNS 3327 21803 S ELLSWORTH RD QUEEN CREEK, AZ, US"
2025-02-02,11:22:21,-22.84,Withdrawal,"FRYS #656 22265 E QUEE QUEEN CREEK, AZ, US"
2025-02-01,20:05:31,-70.53,Withdrawal,"AMAZON.COM*Z750D4FC0 AMAZON.COM SEATTLE, WA, US"
2025-02-01,10:44:57,-12.68,Withdrawal,"MCDONALD'S F27481 4740 E QUEEN CREEK RD GILBERT, AZ, US"
2025-02-01,08:58:15,-63.25,Withdrawal,"COBBLESTONE -682395 7215 S ELLSWORTH RD MESA, AZ, US"
2025-02-01,03:28:09,-705.00,Withdrawal,Internet transfer to Savings account XXXXXX3539
2025-02-01,03:27:34,946.54,Deposit,Internet transfer from Savings account XXXXXX0640
2025-02-01,03:11:55,-35.39,Withdrawal,"TST*SOMEBURROS - QUEEN 20707 E Maya Rd Queen Creek, AZ, US"
2025-02-01,00:59:47,-37.98,Withdrawal,"AMAZON.COM*ZC5NC4VN1 AMAZON.COM SEATTLE, WA, US"
2025-02-01,00:59:46,-32.55,Withdrawal,"AMAZON.COM*Z784Y29B2 AMAZON.COM SEATTLE, WA, US"
2025-02-01,00:59:36,-43.06,Withdrawal,"AMAZON.COM*Z70SD09G2 AMAZON.COM SEATTLE, WA, US"
2025-01-31,21:54:20,-11.46,Withdrawal,"SPEEDWAY  7226 S ELLSW MESA, AZ, US"
2025-01-31,21:51:08,-71.69,Withdrawal,"SPEEDWAY 43049 7226 S ELLSWORTH RD MESA, AZ, US"
2025-01-31,15:36:05,-35.70,Withdrawal,"COSTCO WHSE #06 GILBERT, AZ, US"
2025-01-31,13:02:57,-213.38,Withdrawal,"PROGRESSIVE *INSURANCE 6300 Wilson Mills Rd 800-776-4737, OH, US"
2025-01-31,12:49:06,-489.59,Withdrawal,"VZWRLSS*APOCC VISW 899 HEATHROW PARK LN 800-922-0204, FL, US"
2025-01-31,05:30:21,-20.00,Withdrawal,VENMO PAYMENT
2025-01-30,20:09:00,-18.73,Withdrawal,"CIRCLE K 08593 21895 S QUEEN CREEK, AZ, US"
2025-01-30,20:01:17,-20.78,Withdrawal,"MCDONALD'S F32321 20735 E MAYA RD queen creek, AZ, US"
2025-01-30,16:50:53,-45.00,Withdrawal,"AFFIRM   PAY W2YBZTAM SAN FRANCISCO, CA, US"
2025-01-30,16:49:21,-100.00,Withdrawal,"AFFIRM   PAY DLUZY228 SAN FRANCISCO, CA, US"
2025-01-30,14:59:28,-260.64,Withdrawal,"COSTCO WHSE #16 QUEEN CREEK, AZ, US"
2025-01-30,14:24:34,-73.90,Withdrawal,"COSTCO GAS #162 QUEEN CREEK, AZ, US"
2025-01-30,12:53:51,-266.16,Withdrawal,"TOWN OF QUEEN CREEK 22350 S ELLSWORTH RD 4803583000, AZ, US"
2025-01-30,12:20:16,-42.33,Withdrawal,"APPLE.COM/BILL ONE APPLE PARK WAY 866-712-7753, CA, US"
2025-01-30,12:09:52,-21.71,Withdrawal,"CLAUDE.AI SUBSCRIPTION 548 Market StPMB 90375 SAN FRANCISCO, CA, US"
2025-01-30,12:04:01,-123.98,Withdrawal,"SPI*DIRECTV STREAM 2260 E IMPERIAL HWY 800-531-5000, CA, US"
2025-01-30,10:27:51,-9.50,Withdrawal,"CHEVRON 0210716 5965 E. BROWN RD. MESA, AZ, US"
2025-01-29,22:31:33,-352.00,Withdrawal,Zelle payment from Chad E Cornwell (Ally Spending Account XXXXXX5022) to PEGGY  CORNWELL
2025-01-29,20:01:39,-24.96,Withdrawal,"NETFLIX COM LOS GATOS, CA, US"
2025-01-29,18:56:41,-7.49,Withdrawal,"B  Z INVESTMEN MESA, CA, US"
2025-01-29,16:23:35,2368.03,Deposit,MG6UNITED TECHNO DIRECT DEP
2025-01-29,14:08:26,352.00,Deposit,Zelle payment from PEGGY CORNWELL to Chad E Cornwell (Ally Spending Account XXXXXX5022)
2025-01-28,23:19:18,-5.00,Withdrawal,SUNVALLEYCOMMUNI WEBPAYMENT
2025-01-28,02:01:11,-89.00,Withdrawal,"CLASSPASS* MONTHLY 101 E Front St,  Suite MISSOULA, MT, US"
2025-01-27,10:36:39,-17.48,Withdrawal,"ALDI 79153 20229 ELLSWORTH RD QUEEN CREEK, AZ, US"
2025-01-26,15:11:43,12.13,Deposit,Internet transfer from Savings account XXXXXX5011
2025-01-26,10:32:22,-45.00,Withdrawal,"POLISH NAILS 1652 N HIGLEY RD #109 GLIBERT, AZ, US"
2025-01-25,18:38:10,-8.66,Withdrawal,"GOOGLE *YOUTUBEPREMIUM MOUNTAIN VIEW, CA, US"
2025-01-25,13:41:42,100.00,Deposit,Internet transfer from Savings account XXXXXX3244
2025-01-25,11:16:07,-100.00,Withdrawal,"SP SALTANDLIGHTTATTO 1989 W. Elliot Road CHANDLER, AZ, US"
2025-01-25,10:55:57,-6.00,Withdrawal,"SKYHARBORPARKINGTERM3 3400 E Sky Harbor Blvd PHOENIX, AZ, US"
2025-01-25,10:35:13,-4.19,Withdrawal,"MCDONALD'S F39726 9225 E CADENCE PKWY MESA, AZ, US"
2025-01-25,10:35:13,-59.00,Withdrawal,"BURN BOOT CAMP EAST ME 1118 N RECKER RD MESA, AZ, US"
2025-01-24,15:09:10,-53.28,Withdrawal,"ALBERTSONS #100 MESA, AZ, US"
2025-01-24,11:03:20,29.50,Deposit,Zelle payment from ASHLEIGH DRAPER to Elizabeth A Callis (Ally Spending Account XXXXXX5022)
2025-01-24,10:51:37,-37.26,Withdrawal,"PAPA JOHNS 3327 21803 S ELLSWORTH RD QUEEN CREEK, AZ, US"
2025-01-23,16:00:11,-4.09,Withdrawal,"SPEEDWAY 43049 7226 S ELLSWORTH RD MESA, AZ, US"
2025-01-23,11:05:00,-2.79,Withdrawal,"MCDONALD'S F35558 6324 S HIGHLEY RD GILBERT, AZ, US"
2025-01-22,16:00:13,-50.00,Withdrawal,Zelle payment from Chad E Cornwell (Ally Spending Account XXXXXX5022) to JANE  BURI
2025-01-22,14:50:52,-52.38,Withdrawal,"CVS/PHARM 01719--7587 Queen Creek, AZ, US"
2025-01-22,14:29:45,-25.79,Withdrawal,"MCDONALD'S F27481 4740 E QUEEN CREEK RD GILBERT, AZ, US"
2025-01-21,23:31:01,-60.00,Withdrawal,SRP ECHXPWR-S1
2025-01-21,21:14:31,242.75,Deposit,Internet transfer from Savings account XXXXXX3539
2025-01-21,20:48:14,-300.00,Withdrawal,"CVS STORE  #-V08 20 BANK   ST GRANBY, CT, US"
2025-01-21,20:44:56,352.00,Deposit,Zelle payment from Chad Cornwell to Chad E Cornwell (Ally Spending Account XXXXXX5022)
2025-01-21,13:49:19,-28.92,Withdrawal,"COSTCO WHSE #16 QUEEN CREEK, AZ, US"
2025-01-21,12:22:46,-25.61,Withdrawal,"TARGET T- 21398 S Ells Queen Creek, AZ, US"
2025-01-21,12:08:49,-3.59,Withdrawal,"CVS/PHARMACY #01719 01719--7587 South Power Queen Creek, AZ, US"
2025-01-21,07:32:31,100.00,Deposit,Overdraft Transfer from Savings Account XXXXXX5011
2025-01-21,07:32:31,-94.96,Withdrawal,"AFFIRM   PAY 7AVF34G0 SAN FRANCISCO, CA, US"
2025-01-20,23:23:51,0.05,Deposit,Interest Paid
2025-01-20,23:22:42,3.95,Deposit,ATM Fee Reimbursement
2025-01-20,08:49:40,-10.84,Withdrawal,"APPLE.COM/BILL ONE APPLE PARK WAY 866-712-7753, CA, US"
2025-01-20,08:45:14,-200.63,Withdrawal,"WALMART.COM 702 SW 8TH STREET MS100 WALMART.COM, AR, US"
2025-01-19,19:53:07,-24.31,Withdrawal,"FRYS #656 22265 E QUEE QUEEN CREEK, AZ, US"
2025-01-19,12:20:12,-30.32,Withdrawal,"POPEYES 12261 / 612 20623 E OCOTILLO RD QUEEN CREEK, AZ, US"
2025-01-19,10:36:52,-66.00,Withdrawal,"9575 GREAT CLIPS AT QU 21582 S ELLSWORTH LOOP QUEEN CREEK, AZ, US"
2025-01-19,10:24:56,-11.00,Withdrawal,"SUPERSTARCARWASH-ELLSW 7252 SOUTH ELLSWORTH RO MESA, AZ, US"
2025-01-18,20:06:34,-19.53,Withdrawal,"AMAZON.COM*ZG7X29932 AMAZON.COM SEATTLE, WA, US"
2025-01-18,19:43:19,-3.24,Withdrawal,"GOOGLE *GOOGLE ONE MOUNTAIN VIEW, CA, US"
2025-01-18,18:50:51,-72.77,Withdrawal,"COSTCO GAS #162 QUEEN CREEK, AZ, US"
2025-01-18,18:47:20,100.00,Deposit,Overdraft Transfer from Savings Account XXXXXX5011
2025-01-18,18:26:02,-6.83,Withdrawal,"AMAZON.COM*ZG3620CI0 AMAZON.COM SEATTLE, WA, US"
2025-01-18,16:17:53,-29.79,Withdrawal,"MCDONALD'S F25154 2540 W CHANDLER BLVD CHANDLER, AZ, US"
2025-01-18,12:57:21,-15.13,Withdrawal,"SPEEDWAY 43049 7226 S ELLSWORTH RD MESA, AZ, US"
2025-01-18,10:46:14,-12.42,Withdrawal,"MCDONALD'S F25154 2540 W CHANDLER BLVD CHANDLER, AZ, US"
2025-01-18,02:43:41,-13.36,Withdrawal,"Build-A-Bear - 1066 3111 W Chandler Blvd Chandler, AZ, US"
2025-01-17,19:33:47,-24.38,Withdrawal,"LITTLE CAESARS 3154-0032 21152 E RITTENHOUSE RD QUEEN CREEK, AZ, US"
2025-01-17,17:09:04,-70.19,Withdrawal,"SPEEDWAY 43049 7226 S ELLSWORTH RD MESA, AZ, US"
2025-01-17,13:00:40,-22.24,Withdrawal,"TST*MONROES HOT CHICKE 45 W Jefferson St Suite Phoenix, AZ, US"
2025-01-17,03:01:05,-9.54,Withdrawal,"SQ *FRULLATI CAFE AND 175 W Madison St Phoenix, AZ, US"
2025-01-17,02:18:59,-5.95,Withdrawal,"SpoiledChild Wellness 110 Greene St. New York, NY, US"
2025-01-16,21:05:47,-92.45,Withdrawal,"ALBERTSONS #100 MESA, AZ, US"
2025-01-16,18:12:15,-31.45,Withdrawal,"AMAZON.COM*Z500O9OH1 AMAZON.COM SEATTLE, WA, US"
2025-01-16,12:35:14,-7.00,Withdrawal,"CHEVRON 0202500 480 E DEUCE OF CLUBS SHOW LOW, AZ, US"
2025-01-16,01:43:20,-106.15,Withdrawal,"AMAZON.COM*ZG7YS4XV2 AMAZON.COM SEATTLE, WA, US"
2025-01-15,17:38:58,-25.00,Withdrawal,Zelle payment from Elizabeth A Callis (Ally Spending Account XXXXXX5022) to ASHLEIGH  DRAPER
2025-01-15,15:27:26,-39.34,Withdrawal,"MCDONALD'S F6045 225 WHITE MOUNTAIN ROAD SHOW LOW, AZ, US"
2025-01-15,15:07:21,-23.30,Withdrawal,"CIRCLE K 01217 500 N C SHOW LOW, AZ, US"
2025-01-15,15:01:25,-80.64,Withdrawal,"CIRCLE K 01217 500 N C SHOW LOW, AZ, US"
2025-01-15,12:58:00,-21.71,Withdrawal,"OPENAI *CHATGPT SUBSCR 548 Market StreetPMB 97 SAN FRANCISCO, CA, US"
2025-01-15,04:27:22,-176.37,Withdrawal,"CITIBANK, N.A. PAYMENT"
2025-01-14,14:18:36,-300.00,Withdrawal,Zelle payment from Chad E Cornwell (Ally Spending Account XXXXXX5022) to JANE  BURI
2025-01-14,14:17:58,-210.00,Withdrawal,Internet transfer to Savings account XXXXXX5011
2025-01-14,12:09:37,-12.21,Withdrawal,"MAVERIK #388 901 PENROD SHOW LOW, AZ, US"
2025-01-14,05:39:00,-5.00,Withdrawal,SUNVALLEYCOMMUNI WEBPAYMENT
2025-01-13,22:04:19,-16.00,Withdrawal,Zelle payment from Chad E Cornwell (Ally Spending Account XXXXXX5022) to ASHLEIGH  DRAPER
2025-01-13,17:50:14,-500.00,Withdrawal,Zelle payment from Chad E Cornwell (Ally Spending Account XXXXXX5022) to PEGGY  CORNWELL
2025-01-13,17:42:50,-210.00,Withdrawal,Internet transfer to Savings account XXXXXX5011
2025-01-13,17:33:59,-1.00,Withdrawal,Zelle payment from Chad E Cornwell (Ally Spending Account XXXXXX5022) to PEGGY  CORNWELL
2025-01-13,16:10:18,2368.03,Deposit,MG6UNITED TECHNO DIRECT DEP
2025-01-13,14:51:38,-32.08,Withdrawal,"SAFEWAY #1733 SHOW LOW, AZ, US"
2025-01-13,12:07:17,-11.57,Withdrawal,"SONIC DRIVE IN #1263 640 E DEUCE OF CLUBS SHOW LOW, AZ, US"
2025-01-13,08:32:21,-21.73,Withdrawal,"LEGENDS@ARIZONA FINANC 400 W WASHINGTON ST PHOENIX, AZ, US"
2025-01-13,02:45:11,-20.00,Withdrawal,VENMO PAYMENT
2025-01-12,19:15:47,-9.74,Withdrawal,"CIRCLE K 01846 311 E D SHOW LOW, AZ, US"
2025-01-12,13:01:41,-25.75,Withdrawal,"LAZ PARKING ECOMMERCE ONE FINANCIAL PLAZA, 14 HARTFORD, CT, US"
2025-01-12,12:50:24,27.37,Deposit,"WAL-MART #3833 1606 S SIGNAL BUTTE RD MESA, AZ, US"
2025-01-12,12:31:47,-20.93,Withdrawal,"SHELL OIL 12713275001 7215 S ELLSWORTH RD MESA, AZ, US"
2025-01-12,12:19:12,-3.24,Withdrawal,"SPEEDWAY 43049 7226 S ELLSWORTH RD MESA, AZ, US"
2025-01-12,03:11:14,-59.00,Withdrawal,"CLASSPASS* MONTHLY 101 E Front St,  Suite MISSOULA, MT, US"
2025-01-12,02:57:05,-99.84,Withdrawal,"WALMART.COM 8009256278 702 SW 8TH ST BENTONVILLE, AR, US"
2025-01-12,00:12:42,-52.08,Withdrawal,"SAFEWAY #1733 SHOW LOW, AZ, US"
2025-01-11,18:25:19,250.00,Deposit,Zelle payment from PEGGY CORNWELL to Chad E Cornwell (Ally Spending Account XXXXXX5022)
2025-01-11,18:03:27,-17.96,Withdrawal,"CVS/PHARM 01719--7587 Queen Creek, AZ, US"
2025-01-11,17:59:47,-102.06,Withdrawal,"CVS/PHARM 01719--7587 Queen Creek, AZ, US"
2025-01-11,17:34:21,-85.19,Withdrawal,"COSTCO GAS #162 QUEEN CREEK, AZ, US"
2025-01-11,15:22:46,-54.85,Withdrawal,"SPEEDWAY 43049 7226 S ELLSWORTH RD MESA, AZ, US"
2025-01-11,14:52:31,-85.36,Withdrawal,"WM SUPERCENTER #3833 Wal-Mart Super Center MESA, AZ, US"
2025-01-11,14:34:18,-37.42,Withdrawal,"AFFIRM   PAY 1KW5M37S SAN FRANCISCO, CA, US"
2025-01-11,11:38:34,351.00,Deposit,Zelle payment from Chad Cornwell to Chad E Cornwell (Ally Spending Account XXXXXX5022)
2025-01-10,14:54:17,-176.99,Withdrawal,"COSTCO WHSE #16 QUEEN CREEK, AZ, US"
2025-01-10,11:16:35,-111.77,Withdrawal,"VIOC 090011 QUEEN CREEK, AZ, US"
2025-01-09,20:26:55,-7.05,Withdrawal,"SANTAN VI 2218 E WILLI GILBERT, AZ, US"
2025-01-09,18:34:30,-22.95,Withdrawal,"SHELL SERVICE S MESA, AZ, US"
2025-01-09,18:05:17,500.00,Deposit,Zelle payment from PEGGY CORNWELL to Chad E Cornwell (Ally Spending Account XXXXXX5022)
2025-01-09,13:23:21,-20.78,Withdrawal,"MCDONALD'S F32321 20735 E MAYA RD queen creek, AZ, US"
2025-01-07,20:21:09,-37.67,Withdrawal,"QT 474 INSIDE 22185 S QUEEN CREEK, AZ, US"
2025-01-07,17:49:37,-50.00,Withdrawal,SRP ECHXPWR-S1
2025-01-07,12:52:51,-1.07,Withdrawal,"Audible*ZP0DP38A1 1 WASHINGTON PARK 16TH Amzn.com/bill, NJ, US"
2025-01-07,07:56:00,-94.96,Withdrawal,"AFFIRM   PAY QWGT0L9E SAN FRANCISCO, CA, US"
2025-01-07,03:50:41,-437.00,Withdrawal,AMEX EPAYMENT ACH PMT
2025-01-06,12:45:03,130.11,Deposit,FID BKG SVC LLC MONEYLINE
2025-01-06,12:03:48,6.50,Deposit,"HOMEGOODS #0756 21351 S ELLSWORTH LOOP QUEEN CREEK, AZ, US"
2025-01-06,09:23:40,-44.11,Withdrawal,"AFFIRM   PAY Z6IAR99I SAN FRANCISCO, CA, US"
2025-01-06,08:03:45,-80.04,Withdrawal,"WALMART.COM 8009256278 702 SW 8TH ST BENTONVILLE, AR, US"
2025-01-06,04:44:59,25.00,Deposit,VENMO CASHOUT
2025-01-05,20:22:31,500.00,Deposit,Zelle payment from PEGGY CORNWELL to Chad E Cornwell (Ally Spending Account XXXXXX5022)
2025-01-04,22:18:26,-3.40,Withdrawal,"CIRCLE K 08593 21895 S QUEEN CREEK, AZ, US"
2025-01-04,19:04:28,-12.91,Withdrawal,"SAN TAN ACE HARDWARE 4 SAN TAN VALLE, AZ, US"
2025-01-04,16:50:36,-30.37,Withdrawal,"COSTCO GAS #162 QUEEN CREEK, AZ, US"
2025-01-04,15:49:02,90.91,Deposit,Internet transfer from Savings account XXXXXX5011
2025-01-04,15:48:16,100.59,Deposit,Internet transfer from Savings account XXXXXX3244
2025-01-04,11:17:03,75.92,Deposit,"ABERCROMBIE & FITCH #0 3499 W CHANDLER BLVD CHANDLER, AZ, US"
2025-01-03,10:57:14,-31.00,Withdrawal,"HARKINS QUEEN CREEK, L 20481 E RITTENHOUSE RD QUEEN CREEK, AZ, US"
2025-01-02,11:50:01,-125.10,Withdrawal,"OSAKA 6730 EAST SUPERSTITION MESA, AZ, US"
2025-01-02,03:16:49,-23.00,Withdrawal,"STM - SPORTSBOOK BAR 7101 S. Gilbert Rd. CHANDLER, AZ, US"
2025-01-01,21:59:42,23.87,Deposit,"AMAZON.COM SEATTLE, WA, US"
2025-01-01,21:48:19,32.55,Deposit,"AMAZON.COM SEATTLE, WA, US"
2025-01-01,21:46:40,17.35,Deposit,"AMAZON.COM SEATTLE, WA, US"
2025-01-01,19:54:52,-2.44,Withdrawal,"TARGET T- 21398 S Ells Queen Creek, AZ, US"
2025-01-01,19:53:30,-90.66,Withdrawal,"TARGET T- 21398 S Ells Queen Creek, AZ, US"
2025-01-01,12:11:53,-29.29,Withdrawal,"PAYPAL *CDKEYS COM 7700 EASTPORT PARKWAY 4029357733, CA, US"
2025-01-01,10:19:16,-2.78,Withdrawal,"MCDONALD'S F35558 6324 S HIGHLEY RD GILBERT, AZ, US"
2025-01-01,03:05:34,-18.00,Withdrawal,"TST*POWER RANCH GOLF C 4415 E. Village Parkway Gilbert, AZ, US"
2025-01-01,03:02:51,-95.00,Withdrawal,"9790 MOUNTAINSIDE FITN 2655 W CAREFREE HWY PHOENIX, AZ, US"
2025-01-01,03:02:43,-7.20,Withdrawal,"TST*POWER RANCH GOLF C 4415 E. Village Parkway Gilbert, AZ, US"
2025-01-01,01:33:38,100.00,Deposit,Overdraft Transfer from Savings Account XXXXXX5011
